{
  "version": "2022.1",
  "applications": [],
  "platforms": [
    {
      "name": "Zybo_LCD"
    }
  ],
  "systems": [
    {
      "name": "Zybo_LCD_cpp_app",
      "platform": "/home/cekp/Desktop/GitHub/SeniorCapstone/FPGA_Imp/VitisPrjs/Zybo_LCD/Zybo_LCD/export/Zybo_LCD/Zybo_LCD.xpfm",
      "sysConfig": "Zybo_LCD",
      "buildConfig": "Debug",
      "applications": [
        {
          "name": "Zybo_LCD_cpp",
          "platform": "/home/cekp/Desktop/GitHub/SeniorCapstone/FPGA_Imp/VitisPrjs/Zybo_LCD/Zybo_LCD/export/Zybo_LCD/Zybo_LCD.xpfm",
          "platformPath": "/home/cekp/Desktop/GitHub/SeniorCapstone/FPGA_Imp/VitisPrjs/Zybo_LCD/Zybo_LCD/export/Zybo_LCD",
          "sysConfig": "Zybo_LCD",
          "domain": "standalone_ps7_cortexa9_0",
          "system": "Zybo_LCD_cpp_app"
        }
      ],
      "platformPath": "/home/cekp/Desktop/GitHub/SeniorCapstone/FPGA_Imp/VitisPrjs/Zybo_LCD/Zybo_LCD/export/Zybo_LCD"
    }
  ],
  "others": []
}