{
  "version": "2022.1",
  "applications": [],
  "platforms": [
    {
      "name": "Zybo_Keyboard"
    }
  ],
  "systems": [
    {
      "name": "Zybo_Keyboard_system",
      "platform": "/home/cekp/Desktop/GitHub/SeniorCapstone/FPGA_Imp/VitisPrjs/Zybo_Keyboard/Zybo_Keyboard/export/Zybo_Keyboard/Zybo_Keyboard.xpfm",
      "sysConfig": "Zybo_Keyboard",
      "buildConfig": "Debug",
      "applications": [
        {
          "name": "Zybo_Keyboard_app",
          "platform": "/home/cekp/Desktop/GitHub/SeniorCapstone/FPGA_Imp/VitisPrjs/Zybo_Keyboard/Zybo_Keyboard/export/Zybo_Keyboard/Zybo_Keyboard.xpfm",
          "platformPath": "/home/cekp/Desktop/GitHub/SeniorCapstone/FPGA_Imp/VitisPrjs/Zybo_Keyboard/Zybo_Keyboard/export/Zybo_Keyboard",
          "sysConfig": "Zybo_Keyboard",
          "domain": "standalone_ps7_cortexa9_0",
          "system": "Zybo_Keyboard_system"
        }
      ],
      "platformPath": "/home/cekp/Desktop/GitHub/SeniorCapstone/FPGA_Imp/VitisPrjs/Zybo_Keyboard/Zybo_Keyboard/export/Zybo_Keyboard"
    }
  ],
  "others": []
}