{
  "version": "2022.1",
  "applications": [],
  "platforms": [
    {
      "name": "Zybo_System"
    }
  ],
  "systems": [
    {
      "name": "Zybo_Auth_system",
      "platform": "C:/Users/spixy/Documents/00_Github/SeniorCapstone/FPGA_Imp/VitisPrjs/Zybo_Auth/Zybo_System/export/Zybo_System/Zybo_System.xpfm",
      "sysConfig": "Zybo_System",
      "buildConfig": "Debug",
      "applications": [
        {
          "name": "Zybo_Auth",
          "platform": "C:/Users/spixy/Documents/00_Github/SeniorCapstone/FPGA_Imp/VitisPrjs/Zybo_Auth/Zybo_System/export/Zybo_System/Zybo_System.xpfm",
          "platformPath": "C:\\Users\\spixy\\Documents\\00_Github\\SeniorCapstone\\FPGA_Imp\\VitisPrjs\\Zybo_Auth\\Zybo_System\\export\\Zybo_System",
          "sysConfig": "Zybo_System",
          "domain": "standalone_ps7_cortexa9_0",
          "system": "Zybo_Auth_system"
        }
      ],
      "platformPath": "C:\\Users\\spixy\\Documents\\00_Github\\SeniorCapstone\\FPGA_Imp\\VitisPrjs\\Zybo_Auth\\Zybo_System\\export\\Zybo_System"
    }
  ],
  "others": []
}