{
  "version": "2022.1",
  "applications": [],
  "platforms": [
    {
      "name": "Zybo_System"
    }
  ],
  "systems": [
    {
      "name": "Zybo_System_system",
      "platform": "/home/cekp/Desktop/GitHub/SeniorCapstone/FPGA_Imp/VitisPrjs/Zybo_System/Zybo_System/export/Zybo_System/Zybo_System.xpfm",
      "sysConfig": "Zybo_System",
      "buildConfig": "Debug",
      "applications": [
        {
          "name": "Zybo_System_app",
          "platform": "/home/cekp/Desktop/GitHub/SeniorCapstone/FPGA_Imp/VitisPrjs/Zybo_System/Zybo_System/export/Zybo_System/Zybo_System.xpfm",
          "platformPath": "C:\\Users\\spixy\\Documents\\00_Github\\SeniorCapstone\\FPGA_Imp\\VitisPrjs\\Zybo_System\\Zybo_System\\export\\Zybo_System",
          "sysConfig": "Zybo_System",
          "domain": "standalone_ps7_cortexa9_0",
          "system": "Zybo_System_system"
        }
      ],
      "platformPath": "C:\\Users\\spixy\\Documents\\00_Github\\SeniorCapstone\\FPGA_Imp\\VitisPrjs\\Zybo_System\\Zybo_System\\export\\Zybo_System"
    }
  ],
  "others": []
}